window_id,unlock_id,acceleration_x,acceleration_y,speed_x,speed_y,orientation,velocity,acceleration_mag,TIMESTAMP
1,1,-0.471185743808746,-0.299855262041092,0.223328809936834,-0.0465818615804815,72.9568786621094,0.228135107285367,2.04983568191528,1495016194.983
2,1,-0.496231704950333,-0.69741952419281,0.211097184536818,-0.063772569633765,71.7527313232422,0.220519754119817,1.23298573493958,1495016195.14
3,1,0.167024344205856,-0.477422326803207,0.215214158494229,-0.075540526547358,69.7080230712891,0.228086617685982,1.38032281398773,1495016195.297
4,1,0.0359226353466511,0.276415050029755,0.216145309279487,-0.0683755708471831,67.1526718139648,0.226702477737239,0.99695360660553,1495016195.458
5,1,-0.0600707307457924,0.620412468910217,0.214645703701973,-0.0528875954690538,63.2027359008789,0.221065320374349,0.898092150688171,1495016195.616
6,1,0.315959692001343,-0.290025323629379,0.222533320691351,-0.0601277869489188,61.9744491577148,0.230513404341904,1.14743590354919,1495016195.774
7,1,0.365587800741196,-0.760430157184601,0.232127828171087,-0.0800845601676434,60.485481262207,0.245554200511151,1.07529485225677,1495016195.936
8,1,-0.0227774754166603,-0.0527274198830128,0.231544725912601,-0.0814343795420688,61.2749938964844,0.245447587621763,0.820263087749481,1495016196.096
9,1,0.344627201557159,0.803501307964325,0.239931588255834,-0.0618803372840706,61.8253059387207,0.247782854905979,1.02147197723389,1495016196.252
10,1,0.0693204030394554,0.427739143371582,0.241750831585202,-0.0506547593997993,59.143798828125,0.247000747411801,1.69933545589447,1495016196.414
11,1,-0.144591480493546,-0.764621138572693,0.238186793238221,-0.0695019214143495,57.6063232421875,0.248119861263449,2.00633978843689,1495016196.571
12,1,0.00194299593567848,-0.788932681083679,0.238236533839301,-0.0896985595280064,58.367015838623,0.25456330771964,1.37566637992859,1495016196.731
13,1,-0.0300027076154947,-0.0688130259513855,0.237468463700296,-0.0914601748823686,60.1870193481445,0.254472463818174,1.17740619182587,1495016196.891
14,1,0.0754261463880539,0.561233699321747,0.239375310185685,-0.0772716400269869,59.1474838256836,0.251538159091128,0.856063187122345,1495016197.05
15,1,0.0490741804242134,0.177017271518707,0.240631610552408,-0.0727399930141822,56.9294967651367,0.251385517842117,1.34605240821838,1495016197.21
16,1,0.450530201196671,-0.436873823404312,0.251878645408904,-0.0836461100883933,56.150390625,0.265404453138872,1.01092529296875,1495016197.368
17,1,-0.0450881272554398,-0.224857479333878,0.250709915868474,-0.0894746417769059,57.0051956176758,0.266197621018451,1.1110588312149,1495016197.529
18,1,0.133061945438385,0.386339217424393,0.253948107175901,-0.0800727027667688,58.1896476745605,0.26627294054522,0.69390869140625,1495016197.685
19,1,0.181001335382462,0.418414890766144,0.258816321130602,-0.0688190111529577,55.986442565918,0.267809530038887,0.932031452655792,1495016197.849
20,1,0.000402067613322288,-0.0705932155251503,0.258825610494679,-0.07044999574021,53.072437286377,0.26824223856011,1.79708445072174,1495016198.001
21,1,-0.279707580804825,-0.310726016759872,0.251394050040698,-0.0787056860991594,46.3122138977051,0.263426561721108,1.85703694820404,1495016198.164
22,1,-0.310227245092392,-0.204342409968376,0.243940843228812,-0.083615010686302,44.1446380615234,0.257873234375447,1.3006763458252,1495016198.319
23,1,-0.143696129322052,0.303703486919403,0.240169684763729,-0.0756446221937603,43.8961296081543,0.251800687740017,0.547481894493103,1495016198.481
24,1,0.301746159791946,-0.0911798998713493,0.247894394742111,-0.0779788301347982,43.0747451782227,0.259869830672491,1.2295925617218,1495016198.641
25,1,0.38018387556076,-0.550273776054382,0.257627112398531,-0.0920658539155151,43.4049911499023,0.27358335201543,1.62471318244934,1495016198.801
26,1,0.053486306220293,-0.000395607959944755,0.258945493445522,-0.092075605234559,42.8415222167969,0.274828465874726,1.20798802375793,1495016198.958
27,1,0.179045587778091,0.30930295586586,0.263586534896064,-0.0840581619858159,44.808277130127,0.276665205573357,0.764936447143555,1495016199.119
28,1,0.200569346547127,0.351366102695465,0.26846759910737,-0.0755073014557415,45.6420211791992,0.278883854576782,0.929673314094543,1495016199.275
29,1,-0.130600139498711,-0.451629221439362,0.265207297539786,-0.086781772250926,47.0669631958008,0.279044775373717,1.54397463798523,1495016199.433
30,1,-0.285800009965897,-0.489663273096085,0.257706767553428,-0.0996324858093814,50.9969139099121,0.276295874510267,0.877589702606201,1495016199.595
31,1,0.163742557168007,0.0896584838628769,0.261742861179329,-0.0974224920149424,53.0673599243164,0.279285637526785,1.02938950061798,1495016199.752
32,1,-0.0439438559114933,0.393373340368271,0.260603792301325,-0.0872258599680799,53.585376739502,0.274813913783497,0.648206114768982,1495016199.913
33,1,0.174211055040359,0.0752939209342003,0.265119517807988,-0.0852741659198436,54.623950958252,0.278496036050902,1.86297917366028,1495016200.074
34,1,0.336712628602982,-0.936158299446106,0.273525211056656,-0.108644419450243,54.0673942565918,0.294312165839723,1.53099393844604,1495016200.232
35,1,-0.232123181223869,-0.0235908329486847,0.26758286895146,-0.109248343621834,57.1202163696289,0.289025591151386,1.00538575649261,1495016200.392
36,1,0.346742510795593,0.382402032613754,0.276348883822797,-0.0995808185842185,59.1903190612793,0.293743161656589,0.625121533870697,1495016200.551
37,1,0.110066674649715,0.326739251613617,0.279455405013266,-0.0903589318312496,57.6481437683105,0.293700629813443,0.991165041923523,1495016200.719
38,1,-0.386748611927032,-0.524756968021393,0.270519970913802,-0.102482908909347,56.3992538452148,0.289281525994534,1.60388720035553,1495016200.871
39,1,-0.146094456315041,-0.555398404598236,0.266964620832725,-0.115999066966436,55.2641716003418,0.29107712433897,0.767720818519592,1495016201.027
40,1,0.159351021051407,0.0373369269073009,0.271095159334475,-0.115031256323554,53.3342781066895,0.294490705024725,0.952472686767578,1495016201.188
41,1,0.152443408966064,0.450466811656952,0.27490075622838,-0.103785803923375,51.2222366333008,0.293839954517687,0.72808301448822,1495016201.346
42,1,-0.267385244369507,0.546979606151581,0.26814097640461,-0.0899575849638899,49.044792175293,0.28282848215792,1.02707648277283,1495016201.505
43,1,-0.0275200810283422,-0.726832866668701,0.267453965168166,-0.108102238895094,47.4438018798828,0.288474812658413,1.36347949504852,1495016201.663
44,1,0.685165166854858,-0.837809264659882,0.284342564024093,-0.12875335379863,46.697811126709,0.312134778309292,1.43553018569946,1495016201.82
45,1,0.160960033535957,-0.447842538356781,0.288566808494418,-0.140506559390547,45.2583808898926,0.320956221619746,0.789857804775238,1495016201.982
46,1,-0.00922553241252899,-0.399185061454773,0.288333578044513,-0.150598346760129,44.8192024230957,0.325293889083142,0.513482689857483,1495016202.141
47,1,0.195939421653748,-0.277526766061783,0.293163292838743,-0.157439109668024,44.8223190307617,0.332763864506221,0.875908672809601,1495016202.298
48,1,0.0580086596310139,0.0430623926222324,0.294648311692844,-0.156336714519549,44.7505264282227,0.333554786939433,0.427839666604996,1495016202.458
49,1,-0.115206360816956,0.176618069410324,0.291699025691692,-0.151815287091684,43.4080924987793,0.328840695450263,0.28618311882019,1495016202.618
50,1,-0.115154638886452,0.246161177754402,0.288896626031718,-0.145824716433753,44.1298141479492,0.323614135129316,0.556734204292297,1495016202.774
51,2,-0.17475338280201,0.358090877532959,0.185694078729556,-0.699688492485504,73.6826782226563,0.723910407019996,0.464557349681854,1495016220.279
52,2,-0.339929521083832,-0.266872107982635,0.176991873653364,-0.706520425779723,73.4716949462891,0.728352411531183,1.8098886013031,1495016220.439
53,2,-0.371732175350189,-0.387122869491577,0.167236141564898,-0.71668007095039,69.8265991210937,0.735933591530493,1.69061970710754,1495016220.601
54,2,-0.261588156223297,-0.11303672939539,0.160705855463599,-0.719501919590498,64.6226577758789,0.737230889392664,1.1183295249939,1495016220.759
55,2,-0.0264424085617065,0.222869038581848,0.160028929078157,-0.71379646608152,60.0900268554687,0.731515312985564,0.612894594669342,1495016220.919
56,2,0.029505018144846,0.155233845114708,0.16077484469025,-0.709872003197686,57.5148086547852,0.727850816863641,1.25977730751038,1495016221.078
57,2,0.662660479545593,-0.649714589118958,0.177108776344231,-0.725886831334925,53.6729354858398,0.747180841940965,1.71586298942566,1495016221.235
58,2,0.287009954452515,-0.472829252481461,0.184364667691298,-0.7378404156218,53.9351921081543,0.760525351068506,1.38566219806671,1495016221.394
59,2,0.0353108756244183,0.222997471690178,0.185279961050166,-0.732060097199417,56.4231796264648,0.755142800984271,0.850265979766846,1495016221.555
60,2,0.305362671613693,0.510672330856323,0.193195268173868,-0.718822957515826,54.4250411987305,0.744332490152466,1.10212361812592,1495016221.716
61,2,-0.159986659884453,-0.268139362335205,0.189201361582223,-0.725516787910708,53.879322052002,0.749781144578095,1.57612109184265,1495016221.874
62,2,-0.0343944244086742,-0.534338355064392,0.188353572714605,-0.738687704905346,51.7394790649414,0.762323155710676,0.77480161190033,1495016222.031
63,2,0.0527524352073669,-0.40833368897438,0.189687205685238,-0.749010778494194,51.4388313293457,0.772656704042068,1.12663900852203,1495016222.19
64,2,0.131908819079399,0.211520195007324,0.193278421624141,-0.743252143847841,52.7390022277832,0.76797154738957,0.932123064994812,1495016222.355
65,2,0.158138200640678,0.52410352230072,0.196884131830037,-0.731302055813137,53.1547431945801,0.75734144096503,1.10822081565857,1495016222.506
66,2,0.576583504676819,-0.381440818309784,0.21220339904276,-0.741436570196796,52.8857841491699,0.771205854613727,1.58438217639923,1495016222.669
67,2,0.594705700874329,-0.354249477386475,0.227238138716709,-0.75039234221026,53.683349609375,0.784044538872145,1.59510695934296,1495016222.828
68,2,0.0217136926949024,0.402688205242157,0.227850985854089,-0.739026872628139,52.4600830078125,0.773354246268299,1.02167570590973,1495016222.996
69,2,0.0697999745607376,0.223739385604858,0.229400613621389,-0.734059639233659,52.4550704956055,0.769069694814274,0.777793288230896,1495016223.145
70,2,-0.522827327251434,-0.298049628734589,0.216348753484363,-0.741500149446825,52.1476058959961,0.772417798062617,1.69759976863861,1495016223.303
71,2,-0.707421600818634,-0.312378227710724,0.198238741073486,-0.749497040655946,51.408317565918,0.77527054143339,1.22423338890076,1495016223.463
72,2,0.116869308054447,-0.109726905822754,0.201193311073218,-0.752271043766809,47.7000617980957,0.778710775391357,1.14566206932068,1495016223.622
73,2,-0.113887049257755,0.603159070014954,0.198277799484218,-0.736830155008163,45.0967063903809,0.763041783323598,0.858359515666962,1495016223.782
74,2,0.148771077394485,-0.186675429344177,0.202038877301953,-0.741549491781942,43.8696899414062,0.768580091274481,1.18292641639709,1495016223.941
75,2,0.512147128582001,-0.368731319904327,0.214986494642444,-0.750871406843331,42.7004508972168,0.781042292384688,1.39255285263062,1495016224.1
76,2,0.158405691385269,0.259005129337311,0.218940933940288,-0.744405603418987,42.6169929504395,0.775934813599848,1.5741138458252,1495016224.258
77,2,0.238167092204094,0.355263292789459,0.225191386545428,-0.735082080368943,44.9171333312988,0.768802201774804,0.642697632312775,1495016224.42
78,2,0.175111144781113,0.0688695162534714,0.229562860741571,-0.733362821931228,43.6363143920898,0.768453079649492,1.39240276813507,1495016224.578
79,2,-0.448144495487213,-0.320406287908554,0.21780176518729,-0.741771558412947,42.4724082946777,0.773086446517511,1.52697515487671,1495016224.74
80,2,-0.394143402576447,-0.43918514251709,0.207837435867378,-0.752874586812881,43.730598449707,0.781035558228045,0.888103485107422,1495016224.899
81,2,0.11611770093441,-0.0688474401831627,0.210699623442198,-0.754571608767887,46.9889144897461,0.783436432697153,0.841447532176971,1495016225.056
82,2,0.0720189064741135,0.266575515270233,0.212543309425994,-0.747747268255252,50.0997734069824,0.777367760821701,0.641018033027649,1495016225.216
83,2,0.44462376832962,-0.291673630475998,0.223642896106637,-0.755028608063262,52.9348030090332,0.787454344056156,1.79840433597565,1495016225.374
84,2,0.357634365558624,-0.471506297588348,0.232684241391753,-0.766948746761186,54.7812919616699,0.80146886174736,1.57567036151886,1495016225.533
85,2,-0.0730371028184891,-0.039058156311512,0.230837792255985,-0.767936175015909,57.4250297546387,0.801880324756557,0.958700776100159,1495016225.692
86,2,0.327420920133591,0.645178198814392,0.239115337021098,-0.751625392491744,58.8852157592773,0.788743858953641,0.794034719467163,1495016225.851
87,2,0.0771856531500816,-0.0313663259148598,0.241042199480251,-0.752408421376262,57.4198837280273,0.790075803001329,1.83016741275787,1495016226.009
88,2,-0.168971583247185,-0.48200798034668,0.236607712486569,-0.765058229578457,55.3843612670898,0.800810404686309,1.13838708400726,1495016226.171
89,2,-0.0889052301645279,-0.412714809179306,0.234444110995989,-0.775102074858112,54.3829574584961,0.809782234696495,1.19847619533539,1495016226.327
90,2,-0.022747203707695,0.093014195561409,0.23386903951853,-0.772750585349618,54.1480331420898,0.807364970012631,0.757770538330078,1495016226.486
91,2,-0.262009769678116,0.444896787405014,0.227245177205876,-0.761503161000774,54.2755851745605,0.794687004283762,0.608212411403656,1495016226.645
92,2,-0.122169435024261,0.164992317557335,0.223959306705715,-0.757065525769775,52.8714714050293,0.789497296619292,1.13650214672089,1495016226.809
93,2,0.679670512676239,-0.638969123363495,0.240499746865459,-0.772615458202923,48.6022148132324,0.809181546067668,1.24401307106018,1495016226.965
94,2,0.275671899318695,-0.557044208049774,0.247469022030171,-0.786698120869674,46.9299049377441,0.824702886041055,1.07940900325775,1495016227.124
95,2,0.170506700873375,0.098315916955471,0.251671845172003,-0.784274729830646,47.3261528015137,0.823665933193314,0.473165899515152,1495016227.281
96,2,0.149057179689407,0.614620864391327,0.256184689263253,-0.765666514231725,46.4188613891602,0.807388262255942,0.724578738212585,1495016227.455
97,2,0.281080991029739,-0.0404425524175167,0.26234148744946,-0.766552367922711,43.078742980957,0.81020095581597,1.04179978370667,1495016227.603
98,2,-0.340184301137924,-0.569218695163727,0.253956277683587,-0.780583051130721,40.5901222229004,0.820855462726203,1.44359159469604,1495016227.76
99,2,-0.51079261302948,-0.50659453868866,0.241042903918968,-0.793390293166588,38.921272277832,0.829198310912808,1.57014894485474,1495016227.919
100,2,-0.100256219506264,-0.270175874233246,0.238444169718871,-0.800393502422519,38.8164253234863,0.835155902088412,0.5976921916008,1495016228.08
101,3,-0.247966855764389,-0.344831883907318,0.164426976219304,-1.30508870035418,84.8164138793945,1.31540592453462,2.04032754898071,1495016244.946
102,3,-0.382529646158218,-0.544835865497589,0.154998023819226,-1.31851832990898,78.7644119262695,1.32759744414255,1.05222415924072,1495016245.103
103,3,-0.0957295075058937,-0.0576287396252155,0.152577881320699,-1.31997524497662,75.7572631835938,1.32876433471831,1.35581958293915,1495016245.262
104,3,0.119947075843811,0.395415484905243,0.155725770081269,-1.3095979685659,72.9911422729492,1.31882423193515,1.22224402427673,1495016245.424
105,3,0.0288837105035782,-0.0151546504348516,0.156570358697786,-1.31004110571904,71.5954513549805,1.31936423170265,1.5414092540741,1495016245.595
106,3,0.185517817735672,-0.599112749099731,0.160417259019777,-1.32246431689924,69.0116424560547,1.33215823627045,1.19353818893433,1495016245.739
107,3,0.0228610765188932,-0.243890956044197,0.16101722467398,-1.32886498647735,68.706916809082,1.33858458788646,1.34691858291626,1495016245.901
108,3,0.105193927884102,0.304846227169037,0.163710192117051,-1.32106091468897,69.5045623779297,1.33116601794136,0.580228686332703,1495016246.061
109,3,0.150563523173332,0.283380597829819,0.167327479425917,-1.31425269833946,68.4471893310547,1.32486174390522,1.35082387924194,1495016246.216
110,3,-0.287437379360199,-0.547227799892426,0.159596560433817,-1.32897094340769,64.8618469238281,1.33851964144133,2.00886487960815,1495016246.38
111,3,-0.0725577846169472,-0.294623047113419,0.157762228929292,-1.33641930115637,61.6932487487793,1.34569887767659,1.23113596439362,1495016246.539
112,3,0.238302633166313,0.0812524259090424,0.163786751727719,-1.33436516064684,58.4537582397461,1.34437958999294,0.903700351715088,1495016246.698
113,3,0.0286462660878897,0.0650275200605392,0.164501877045274,-1.33274181379282,59.253490447998,1.34285576655991,0.879988491535187,1495016246.856
114,3,0.374157458543777,-0.393688470125198,0.174080318260539,-1.342820249441,58.3991928100586,1.35405693363111,1.8438560962677,1495016247.016
115,3,0.22162589430809,-0.381430953741074,0.179753947241965,-1.35258489233309,56.4648361206055,1.3644769593206,1.74805998802185,1495016247.176
116,3,0.0696466565132141,0.192529156804085,0.18149260620725,-1.3477785949268,58.1895980834961,1.35994364113031,0.75572282075882,1495016247.334
117,3,0.200572684407234,0.573694109916687,0.186627257134492,-1.33309205372533,58.2239074707031,1.34609217990863,0.826902031898499,1495016247.494
118,3,-0.182648003101349,-0.334035933017731,0.181951463238519,-1.34164338278516,56.4914169311523,1.35392514621224,2.15374517440796,1495016247.654
119,3,-0.450399339199066,-0.530325651168823,0.171269786424431,-1.35422059309386,54.8441352844238,1.36500796865855,1.21257567405701,1495016247.808
120,3,0.0162008553743362,-0.0206372439861298,0.17168972886624,-1.35475553118394,54.3575325012207,1.36559141483522,0.797288060188293,1495016247.969
121,3,0.0297853406518698,0.331910192966461,0.172461794809329,-1.34615208564512,52.7693862915039,1.35715456317826,0.584994852542877,1495016248.13
122,3,-0.0717836618423462,-0.0692491307854652,0.170737192970228,-1.34781579539806,51.282341003418,1.35858698926048,1.19119513034821,1495016248.285
123,3,0.670024514198303,-0.508242011070251,0.188758179849243,-1.36148547825111,48.0689811706543,1.37450804215496,1.58581793308258,1495016248.449
124,3,0.0784267634153366,0.122429445385933,0.190765901163246,-1.35835129042723,47.6949157714844,1.37168139786612,1.82075881958008,1495016248.609
125,3,0.176585748791695,0.602962672710419,0.195063299511957,-1.34367756498919,46.7705612182617,1.35776253058912,0.898025155067444,1495016248.765
126,3,0.073731541633606,0.571134805679321,0.196950823377606,-1.32905654185123,44.6330070495605,1.3435702133743,1.6609570980072,1495016248.925
127,3,-0.284580320119858,-0.483241498470306,0.189665559366304,-1.3414275374847,42.8351020812988,1.35476967146891,1.67410564422607,1495016249.085
128,3,-0.0758488029241562,-0.657947659492493,0.187795960678528,-1.35764530274122,43.7856254577637,1.3705721764659,1.16228199005127,1495016249.242
129,3,0.10558545589447,0.104944422841072,0.190776003976695,-1.35468335195626,45.5178756713867,1.36805060862556,0.722788751125336,1495016249.41
130,3,0.112388350069523,0.270675420761108,0.19337262272237,-1.34842967111561,48.2854690551758,1.36222448559827,0.709954679012299,1495016249.562
131,3,0.469793856143951,-0.73414021730423,0.205249469231762,-1.36698945124739,51.5304374694824,1.38231237585488,1.79284191131592,1495016249.721
132,3,0.118987873196602,-0.148908525705338,0.208295562053696,-1.37080151359534,53.4005126953125,1.38653663162808,1.67414546012878,1495016249.881
133,3,0.215372040867805,0.355043351650238,0.213740377132371,-1.36182567166684,55.3676834106445,1.37849704708698,0.656994700431824,1495016250.04
134,3,0.281101644039154,0.340215146541595,0.220669257280325,-1.35343970159198,54.6183471679688,1.37131103217106,0.570025146007538,1495016250.197
135,3,-0.197662547230721,-0.209011167287827,0.215609090642253,-1.35879039321522,55.4413948059082,1.37579017755672,1.36684536933899,1495016250.357
136,3,-0.508287847042084,-0.521797180175781,0.203239413627988,-1.37148883293454,56.5609664916992,1.38646596716832,0.904787540435791,1495016250.513
137,3,0.0615418665111065,-0.205211520195007,0.204874521622244,-1.37694110496018,56.3112907409668,1.39209926949874,0.94848221540451,1495016250.676
138,3,-0.166539132595062,0.298292458057404,0.200769507619383,-1.36958851041863,55.5883560180664,1.38422580638437,0.574476778507233,1495016250.833
139,3,-0.125528156757355,0.488451540470123,0.197515691728409,-1.35692735593817,56.2739143371582,1.37122729617387,0.958544254302979,1495016250.994
140,3,0.422771543264389,-0.63043600320816,0.207672774305704,-1.3720735753238,56.4282150268555,1.38770093222195,1.650799036026,1495016251.149
141,3,0.469115883111954,-0.614215731620789,0.219832729128655,-1.38799466394376,56.3940010070801,1.40529556177072,1.46251511573792,1495016251.31
142,3,-0.0643466711044312,0.0419241264462471,0.218185452581047,-1.38692140515525,56.0757064819336,1.4039785880831,0.670889914035797,1495016251.47
143,3,0.109318591654301,0.551742732524872,0.221019100265296,-1.37261967941344,52.4758415222168,1.39030004926819,0.724389433860779,1495016251.631
144,3,0.0644428730010986,-0.0962421745061874,0.222627851991531,-1.37502226882579,46.7196426391602,1.39292835431302,1.31305396556854,1495016251.789
145,3,-0.167170479893684,-0.871476054191589,0.21855959646538,-1.39623048259432,43.4064750671387,1.41323312221752,1.621950507164,1495016251.945
146,3,-0.283412933349609,-0.620825946331024,0.211304217587459,-1.41212364387189,40.620189666748,1.42784546010844,1.25356769561768,1495016252.105
147,3,-0.0441034473478794,-0.167761191725731,0.210203219234195,-1.41631163385768,37.0350646972656,1.43182542147324,0.392347663640976,1495016252.263
148,3,-0.00411502132192254,0.0506645254790783,0.210099187484984,-1.4150307852797,34.4406814575195,1.43054318070834,0.307196199893951,1495016252.422
149,3,0.0983653739094734,0.0604611858725548,0.212777191290604,-1.41338472549846,34.0116577148437,1.42931120313453,0.620901048183441,1495016252.587
150,3,0.0561918430030346,0.154811337590218,0.2140925840445,-1.40976075267955,36.6640739440918,1.42592461734079,0.713712275028229,1495016252.74
151,4,0.0739825218915939,0.180911421775818,0.150668854560262,-1.86612803456946,79.0015716552734,1.8722005622103,0.978042960166931,1495016269.775
152,4,0.193491533398628,-0.334278702735901,0.155257702380736,-1.8740557928002,73.366943359375,1.88047602182972,1.27163231372833,1495016269.929
153,4,0.426429122686386,-0.281412571668625,0.165903077971405,-1.88108097556088,69.7593612670898,1.88838276519817,1.62866950035095,1495016270.087
154,4,-0.0721375793218613,0.115738987922668,0.164079369666241,-1.87815498115561,70.9112167358398,1.88530850865043,0.989541888237,1495016270.246
155,4,-0.000497081899084151,0.0370903611183167,0.164066802951413,-1.87721730068104,71.2637481689453,1.88437329364617,0.868581891059875,1495016270.405
156,4,-0.0262163691222668,-0.338729619979858,0.163378781062406,-1.88610691433861,70.0888214111328,1.89316980707419,2.22862339019775,1495016270.567
157,4,-0.820222556591034,-0.324323087930679,0.1429026853413,-1.89420333955841,66.7458877563477,1.8995861309959,1.56788492202759,1495016270.725
158,4,-0.29971832036972,-0.000452286010840908,0.13560874974987,-1.8942143463765,62.1139297485352,1.89906232731506,0.952205777168274,1495016270.881
159,4,-0.210432931780815,0.277113288640976,0.130221660916566,-1.88712023857615,60.4054145812988,1.89160790752618,0.52642148733139,1495016271.041
160,4,0.376670897006989,-0.23077192902565,0.140601190320163,-1.89347938137661,58.6744766235352,1.89869240858487,1.42628383636475,1495016271.207
161,4,0.490420162677765,-0.47544327378273,0.152383530378876,-1.90490190181246,55.9544792175293,1.91098717836082,1.31199777126312,1495016271.362
162,4,-0.0570309534668922,0.135417893528938,0.150941727973194,-1.90147839522886,55.8697090148926,1.90745995836496,1.34640336036682,1495016271.521
163,4,0.370656549930573,0.684138834476471,0.160194797192049,-1.88439955501438,56.3291397094727,1.89119646149885,0.97485077381134,1495016271.679
164,4,0.0383507534861565,-0.0897543802857399,0.161164341613965,-1.88666863321593,55.9146537780762,1.89353966860183,1.81409418582916,1495016271.838
165,4,-0.1253961622715,-0.515524804592133,0.15807344905671,-1.89937581462188,54.5045394897461,1.90594220806068,1.19118797779083,1495016271.995
166,4,-0.0759087726473808,-0.332962960004807,0.156154401309153,-1.90779344273168,54.401683807373,1.91417345535305,1.12211406230927,1495016272.154
167,4,0.263254940509796,0.00940769631415606,0.162809742753882,-1.90755560700082,54.0352897644043,1.91449089998774,0.889700412750244,1495016272.313
168,4,-0.107736900448799,-0.213912799954414,0.159912049866187,-1.91330900807726,52.132152557373,1.91998000616725,1.45124757289886,1495016272.477
169,4,0.548035740852356,-0.147076532244682,0.173249071137092,-1.91688826886771,51.8847846984863,1.92470150308367,1.40839803218842,1495016272.633
170,4,0.146778091788292,0.184010356664658,0.177006583119977,-1.91217761272197,52.0850105285645,1.92035271579544,0.997527301311493,1495016272.793
171,4,0.115729376673698,0.450981795787811,0.180006404790276,-1.90048771165451,51.5860404968262,1.90899341222418,0.590092062950134,1495016272.954
172,4,0.152557283639908,0.228663250803947,0.183863201591649,-1.89470688183603,49.8330612182617,1.90360706160078,0.838746428489685,1495016273.113
173,4,-0.170949265360832,-0.471183210611343,0.179756134372707,-1.90602708911702,46.589111328125,1.91448466494055,1.46422445774078,1495016273.268
174,4,-0.305293023586273,-0.536697030067444,0.171744030110331,-1.92011215569239,44.5334854125977,1.92777765894208,1.18451797962189,1495016273.43
175,4,0.152039498090744,0.38977038860321,0.175636233837654,-1.91013405277589,42.9240646362305,1.91819190547003,1.30881726741791,1495016273.59
176,4,0.190764352679253,0.271903812885284,0.180398489050276,-1.90334622616123,38.6384086608887,1.9118761653135,0.985164523124695,1495016273.748
177,4,0.177055403590202,-0.450172185897827,0.184931098736905,-1.91487061213917,38.7279167175293,1.92377986591872,1.39719271659851,1495016273.908
178,4,0.541693091392517,-0.222956135869026,0.198798456754603,-1.92057829534109,39.4926338195801,1.93083966577841,1.62158167362213,1495016274.068
179,4,0.250603020191193,-0.0351935848593712,0.206298742307523,-1.92163160242364,42.4474258422852,1.93267358509162,1.10761737823486,1495016274.241
180,4,0.218069404363632,0.0316425375640392,0.210758051408535,-1.92098454303376,44.9871597290039,1.93251146718672,0.45722371339798,1495016274.384
181,4,-0.402539253234863,-0.00546752801164985,0.199798925306581,-1.92113339641505,46.619987487793,1.93149505238168,1.24460458755493,1495016274.549
182,4,-0.332735955715179,-0.449601501226425,0.191804946921616,-1.93193506849442,48.6227836608887,1.94143303941757,0.920328736305237,1495016274.704
183,4,0.0317376144230366,0.188005909323692,0.192627617761521,-1.92706176651058,52.5922927856445,1.93666529144076,1.10627055168152,1495016274.865
184,4,-0.152345687150955,0.254408806562424,0.188824460394773,-1.9207107056769,53.8210563659668,1.9299700235354,0.778176784515381,1495016275.023
185,4,0.2731693983078,-0.0736167952418327,0.195643860595548,-1.92254847517584,53.8073196411133,1.93247746677411,1.42390561103821,1495016275.181
186,4,0.481212705373764,-0.841961085796356,0.207505282369172,-1.94330199112437,53.0243949890137,1.95434927045271,2.39595580101013,1495016275.338
187,4,-0.171131506562233,0.405623972415924,0.202675267715015,-1.93185366246647,54.8185195922852,1.94245613523921,1.50834488868713,1495016275.506
188,4,0.0954341739416122,0.306901663541794,0.204851262974721,-1.92485599551467,55.8809814453125,1.93572586990285,0.469918072223663,1495016275.657
189,4,0.0219209976494312,-0.308154553174973,0.205412439444186,-1.93274473702935,55.0915756225586,1.94362972008381,1.14707851409912,1495016275.817
190,4,-0.205446407198906,-0.324001878499985,0.200020691999226,-1.94124786115005,55.4563102722168,1.95152543812462,0.911348938941956,1495016275.979
191,4,-0.202699467539787,-0.266690075397491,0.194960502980249,-1.94790551154932,52.7224655151367,1.95763772941944,0.962981700897217,1495016276.137
192,4,-0.0317794494330883,0.151791825890541,0.194187119301166,-1.94421151046194,49.0341262817383,1.95388511297753,0.497317165136337,1495016276.293
193,4,-0.117897510528564,0.460491567850113,0.191243926132569,-1.93271580007233,46.6243324279785,1.9421546290478,0.645996809005737,1495016276.451
194,4,0.0421822369098663,0.0357545912265778,0.192323792556032,-1.9318004815549,43.7038307189941,1.94135044278947,0.961660265922546,1495016276.611
195,4,0.384076058864594,-0.780459105968475,0.202279429729067,-1.95203076539603,40.4127197265625,1.96248339527857,1.34288859367371,1495016276.772
196,4,0.559098124504089,-0.815488338470459,0.216236753961263,-1.97238861431155,37.9807052612305,1.98420643573937,1.79351997375488,1495016276.93
197,4,-0.0103397369384766,-0.608594000339508,0.215972057200508,-1.98796859100376,38.7285499572754,1.9996657341438,1.21951794624329,1495016277.09
198,4,0.0726125612854958,-0.0519554801285267,0.217739159603161,-1.98923298179428,40.4563217163086,2.00111423898859,0.587497770786285,1495016277.246
199,4,0.144808381795883,0.246943861246109,0.221633927470628,-1.98259117692138,39.5297584533691,1.99494094464286,0.631028592586517,1495016277.41
200,4,-0.191888049244881,0.0682669952511787,0.216904089402795,-1.98090846747602,38.6471366882324,1.99274828829881,0.427267968654633,1495016277.567
201,5,-0.414558976888657,-0.460376024246216,0.174736410533076,-2.36311909743741,84.1310424804688,2.36957056907773,1.4444831609726,1495016293.639
202,5,-0.0703900530934334,-0.307459741830826,0.172979193417354,-2.37079452169122,81.2426605224609,2.37709664621286,1.46989464759827,1495016293.797
203,5,-0.0819240063428879,-0.0101898852735758,0.170855640896736,-2.37105865375121,80.4543380737305,2.37720650965681,1.23016774654388,1495016293.958
204,5,-0.295486599206924,-0.0396057181060314,0.163291175841254,-2.37207256122252,80.1186141967773,2.37768632157659,1.61326467990875,1495016294.118
205,5,0.175283908843994,-0.359527915716171,0.167448211391775,-2.38059913012947,76.5713348388672,2.38648090750198,1.10759449005127,1495016294.272
206,5,0.0042699365876615,-0.0256960801780224,0.16756305565432,-2.3812902521913,75.2814178466797,2.38717838520742,1.65932023525238,1495016294.436
207,5,0.142540767788887,0.263472735881805,0.171121443037752,-2.37471291944795,77.1393508911133,2.38087042865846,0.662538766860962,1495016294.594
208,5,-0.159328401088715,0.126087576150894,0.167194165962802,-2.37160499365525,75.6899108886719,2.37749114300401,1.85478746891022,1495016294.751
209,5,-0.72274374961853,-0.384588539600372,0.147755241934254,-2.38194889134719,72.6164398193359,2.386527211768,1.90132880210876,1495016294.915
210,5,-0.501492142677307,-0.482514947652817,0.134917029307818,-2.39430128725977,68.8441314697266,2.39809950981419,1.15376174449921,1495016295.075
211,5,0.00886640883982182,-0.0328302904963493,0.135132801953698,-2.39510024417382,66.7793502807617,2.39890934672517,0.586432218551636,1495016295.231
212,5,0.416258484125137,-0.25501736998558,0.145656253646394,-2.40154735114266,66.402099609375,2.40596039535289,1.34660148620605,1495016295.39
213,5,0.875660121440887,-0.760253429412842,0.174981187161499,-2.42700743631301,63.8835563659668,2.43330711415125,1.86914098262787,1495016295.573
214,5,0.222476601600647,0.0284510310739279,0.17891658378131,-2.42650416499948,61.9752197265625,2.43309136834435,1.72660136222839,1495016295.706
215,5,0.238617733120918,0.689072370529175,0.185256408094973,-2.40819623075077,63.4845962524414,2.41531137175778,0.83080929517746,1495016295.869
216,5,0.0488617420196533,0.520026028156281,0.186476192504951,-2.3952143022376,60.978099822998,2.40246226276599,1.57000994682312,1495016296.027
217,5,-0.488822370767593,-0.694905936717987,0.174118249540994,-2.41278225420713,58.9242362976074,2.41905671100122,2.10475969314575,1495016296.186
218,5,0.139015570282936,-0.546255528926849,0.177632698631959,-2.42659212631832,60.7313842773437,2.43308502176421,1.4188152551651,1495016296.345
219,5,0.345235735177994,-0.05091368034482,0.187146001870743,-2.42799510182395,61.0568618774414,2.43519687920654,0.840760350227356,1495016296.511
220,5,0.142881080508232,-0.0769375711679459,0.190490710171295,-2.42979613616659,60.2403945922852,2.43725172561056,0.824012160301208,1495016296.664
221,5,0.250164687633514,0.068824790418148,0.196735820830259,-2.42807799426452,58.9145317077637,2.43603524798583,1.53292739391327,1495016296.822
222,5,-0.00296470825560391,0.262413889169693,0.196659924217488,-2.42136019149437,57.7114181518555,2.42933330416945,1.47871029376984,1495016296.982
223,5,-0.0966790989041328,0.606044948101044,0.194276886377664,-2.40642182259841,57.2090950012207,2.41425133257878,1.32915997505188,1495016297.139
224,5,0.0876106470823288,-0.0444259159266949,0.196463998360207,-2.40753087105649,56.8396492004395,2.41553368797492,1.17854809761047,1495016297.297
225,5,-0.447094291448593,-0.667013645172119,0.184730429803615,-2.42503601590737,53.9077339172363,2.43206188452172,2.19105005264282,1495016297.459
226,5,-0.101627543568611,-0.148760080337524,0.182161186463572,-2.42879681570879,48.2229690551758,2.43561833419175,0.819045901298523,1495016297.618
227,5,0.126246467232704,0.405916035175323,0.185352820185611,-2.41853486276405,45.0562362670898,2.42562704271615,1.18901658058167,1495016297.777
228,5,0.249006986618042,0.124438107013702,0.191647978349957,-2.4153889367161,42.7024917602539,2.42298012026846,0.869982838630676,1495016297.936
229,5,0.0514383725821972,-0.50101625919342,0.192964798176423,-2.42821492848778,44.3839797973633,2.43587010168157,1.90300023555756,1495016298.096
230,5,0.451838165521622,-0.503841519355774,0.204102166319082,-2.44063412835803,44.8060188293457,2.44915345431888,2.56643533706665,1495016298.253
231,5,0.265376895666122,0.15804398059845,0.211066712485011,-2.43648642515892,48.4551773071289,2.44561142806925,1.71426641941071,1495016298.415
232,5,0.431005656719208,0.392544835805893,0.22169057969399,-2.42681057950781,50.5260429382324,2.43691532514695,0.678253710269928,1495016298.572
233,5,-0.292101353406906,-0.187386274337769,0.212642436011849,-2.43261506454183,51.1413459777832,2.44189124611006,2.07571005821228,1495016298.748
234,5,-0.112443327903748,-0.273159086704254,0.210406956741647,-2.43804572447674,50.9417991638184,2.44710809775225,0.773708999156952,1495016298.889
235,5,0.203585714101791,-0.1055818349123,0.215553817428885,-2.44071494416042,52.1880111694336,2.45021486544674,1.36915183067322,1495016299.048
236,5,0.0317077003419399,0.054875660687685,0.216365533009412,-2.43931012992629,54.5916137695312,2.44888708474594,0.988055884838104,1495016299.208
237,5,0.0559268593788147,-0.225754499435425,0.217744075305071,-2.44487475717988,57.5138969421387,2.45455190628063,1.43754851818085,1495016299.365
238,5,0.445971488952637,-0.262458980083466,0.229160957671235,-2.45159371427867,57.2335929870605,2.46228074849549,1.5966192483902,1495016299.525
239,5,-0.0660018473863602,0.199467182159424,0.227471313600889,-2.446487364155,59.8419075012207,2.45703960519186,1.77160143852234,1495016299.685
240,5,0.124291479587555,0.365246802568436,0.230653178892098,-2.43713703597744,59.276050567627,2.44802733258147,0.66151624917984,1495016299.845
241,5,-0.0953573361039162,-0.16467022895813,0.228302713972725,-2.44119599580418,57.5430908203125,2.4518482863215,1.7801011800766,1495016300.002
242,5,-0.39303070306778,-0.598698914051056,0.218114963428802,-2.45671487292921,54.1050834655762,2.46637833759201,1.25771570205688,1495016300.163
243,5,-0.372203260660172,-0.244226932525635,0.209057036616632,-2.46265837185626,50.2707138061523,2.47151595200853,1.02156007289886,1495016300.319
244,5,-0.122482359409332,0.163441807031631,0.205921484851674,-2.45847425710718,47.0067939758301,2.46708316251849,0.898376166820526,1495016300.479
245,5,0.0342630855739117,0.175306290388107,0.206809618440138,-2.45393014200036,43.9516830444336,2.46262935905858,0.854847431182861,1495016300.64
246,5,0.211852625012398,-1.00434827804565,0.212301051243873,-2.47996385803344,42.1679382324219,2.48903444602749,1.41232740879059,1495016300.801
247,5,0.524303436279297,-0.881317794322968,0.225060483132685,-2.5014115800794,41.7839164733887,2.51151589961586,1.48756265640259,1495016300.957
248,5,0.265162110328674,-0.421503245830536,0.23193375133449,-2.51233736752669,41.81396484375,2.52302047420924,1.1691358089447,1495016301.118
249,5,-0.103492602705956,-0.120764091610909,0.229382760062985,-2.51531408407991,42.2110786437988,2.52575164895222,0.557790577411652,1495016301.275
250,5,0.0349891781806946,0.183764919638634,0.230245206409032,-2.51078447259102,42.082275390625,2.52131940120218,0.579526424407959,1495016301.432
251,6,-0.0544509366154671,-0.0697807967662811,0.219178968731898,-2.95049536634623,85.1168060302734,2.95862507377413,1.122838139534,1495016325.461
252,6,0.203743979334831,0.344269841909409,0.224460217296165,-2.94157154629403,87.1404266357422,2.95012297220222,1.40542471408844,1495016325.622
253,6,-0.13451099395752,-0.381058305501938,0.221144653067077,-2.95096426022578,85.8545684814453,2.95923892626297,1.87629866600037,1495016325.779
254,6,-0.516397297382355,-0.659433722496033,0.20792486807081,-2.96784578163357,82.6508407592773,2.97512038988718,1.18567228317261,1495016325.939
255,6,-0.145817637443542,-0.0916450396180153,0.204284676921219,-2.97013360818165,82.0957870483398,2.97715063100189,1.61573004722595,1495016326.097
256,6,-0.12799346446991,-0.171871855854988,0.200672190118264,-2.97498451844998,82.0025405883789,2.98174482692666,1.724116563797,1495016326.265
257,6,0.025692593306303,-0.907792091369629,0.20125027236505,-2.9954098015476,82.3460311889648,3.00216281226293,1.83139133453369,1495016326.415
258,6,0.281657218933105,0.42504209280014,0.208460704905686,-2.98452871229778,76.4370574951172,2.99180004345539,2.04700493812561,1495016326.575
259,6,0.329587668180466,0.203666806221008,0.216793002348862,-2.97937981695803,74.8382797241211,2.98725681848151,1.21606612205505,1495016326.734
260,6,0.0493016391992569,0.314379245042801,0.21803939957143,-2.97143197943744,74.5135650634766,2.97942094847119,1.0260146856308,1495016326.893
261,6,-0.465372800827026,-0.325314581394196,0.205826164701861,-2.97996952907936,70.1335525512695,2.98706926674246,1.60441470146179,1495016327.055
262,6,-0.209266901016235,-0.529392063617706,0.20066794059744,-2.99301852483541,63.2608337402344,2.99973790728316,1.22212314605713,1495016327.212
263,6,0.055811058729887,-0.0276631470769644,0.202096700975777,-2.99372670004984,59.2123489379883,3.00054038985257,0.890581727027893,1495016327.372
264,6,0.220219567418098,-0.0943379551172256,0.207664082946096,-2.99611166264238,59.5925102233887,3.00329976298862,0.903602123260498,1495016327.531
265,6,0.393235713243484,-0.799348950386047,0.218111945739923,-3.01734953061001,58.7283325195312,3.02522247293433,1.54349660873413,1495016327.694
266,6,0.370361894369125,-0.0428648293018341,0.228440975454265,-3.01854498862632,55.9767837524414,3.0271767585702,1.32613015174866,1495016327.861
267,6,0.194232851266861,0.451939761638641,0.232753134900442,-3.00851148348266,57.6954040527344,3.01750151086177,0.961878180503845,1495016328.01
268,6,0.268935561180115,0.24981515109539,0.239552108361548,-3.00219589407148,60.4625968933105,3.01173793664059,0.829139053821564,1495016328.169
269,6,-0.214597940444946,-0.567504823207855,0.234126863295943,-3.01654296905007,61.7373847961426,3.02561512295306,2.24602365493774,1495016328.328
270,6,-0.57908046245575,-0.381209760904312,0.218929486732934,-3.02654743071226,59.546314239502,3.03445538285079,1.15038084983826,1495016328.49
271,6,0.142495915293694,0.126472890377045,0.222308921785396,-3.02354799793522,58.3702507019043,3.03170970782551,0.881389021873474,1495016328.644
272,6,0.0967594608664513,0.323202192783356,0.2248170241865,-3.01517027250658,55.6406135559082,3.02354005539392,1.25906920433044,1495016328.805
273,6,0.55283123254776,-0.567847669124603,0.239325516462671,-3.0300728558566,54.1835823059082,3.03950953520944,2.0588526725769,1495016328.967
274,6,0.343201339244843,-0.23487052321434,0.248111480173648,-3.0360855477018,50.0938720703125,3.04620661800175,1.29080736637115,1495016329.127
275,6,0.214436173439026,0.350458145141602,0.253197051360316,-3.02777407759635,48.5143966674805,3.0383424118723,1.3504159450531,1495016329.281
276,6,0.354599624872208,0.903267025947571,0.262618393579845,-3.00377521473761,48.1596031188965,3.01523364954002,1.48552465438843,1495016329.444
277,6,-0.24303026497364,-0.155851230025291,0.256318805036636,-3.00781503514113,46.2427597045898,3.01871671665899,1.68348467350006,1495016329.605
278,6,-0.322661131620407,-0.68057519197464,0.248466533914224,-3.02437749154774,46.1311111450195,3.03456666261527,1.12695145606995,1495016329.761
279,6,0.272039949893951,0.0272948853671551,0.255172052178671,-3.02370469936253,45.2506408691406,3.03445265001122,1.18357503414154,1495016329.918
280,6,0.0029210417997092,0.0215864423662424,0.255272024772423,-3.02296590382956,45.6540222167969,3.03372488244196,0.87252014875412,1495016330.103
281,6,0.634232401847839,-0.208210617303848,0.266322924952641,-3.02659377705329,48.0272903442383,3.03828862876012,0.980292618274689,1495016330.235
282,6,0.186760351061821,-0.397562086582184,0.2710444086302,-3.03664453403646,51.2129211425781,3.04871695923764,2.1657018661499,1495016330.394
283,6,-0.120188221335411,0.454872786998749,0.267890191251968,-3.02470686132865,53.5832901000977,3.03654684659032,1.4950989484787,1495016330.556
284,6,0.388410866260529,0.479407548904419,0.277709596467312,-3.01258697129749,55.9629821777344,3.02535995868283,0.747483372688293,1495016330.715
285,6,0.0447690263390541,0.0597369596362114,0.27885568477121,-3.01105770349007,55.8786430358887,3.02394262291402,1.74828684329987,1495016330.875
286,6,-0.512146472930908,-0.508414626121521,0.266070461455691,-3.02374976499084,56.6576728820801,3.03543343391704,1.85799884796143,1495016331.033
287,6,-0.283225566148758,-0.47211891412735,0.258819879183258,-3.03583602215964,56.9089431762695,3.04684887766074,1.24444139003754,1495016331.193
288,6,0.0575305595993996,0.151080176234245,0.26023795111831,-3.03211204381922,56.3494186401367,3.043259311573,1.16834759712219,1495016331.35
289,6,-0.0297960825264454,0.321137726306915,0.259446300280033,-3.02357974934702,58.2665634155273,3.03469057457105,0.633061408996582,1495016331.513
290,6,0.352899372577667,-0.51055371761322,0.269053981255986,-3.03747956788194,57.2553215026855,3.04937242234036,1.59870779514313,1495016331.678
291,6,0.489832401275635,-0.497102826833725,0.280222653223307,-3.04881401287266,54.9235038757324,3.06166484456875,1.1945663690567,1495016331.829
292,6,0.0225437469780445,-0.211490198969841,0.280778334501624,-3.05402703909362,54.7710075378418,3.06690685033641,0.755317747592926,1495016331.986
293,6,0.239812523126602,0.0218268521130085,0.286841028789674,-3.05347523500137,55.0669059753418,3.06691845124122,0.48244172334671,1495016332.145
294,6,0.0709717944264412,-0.158130124211311,0.288635270297472,-3.05747293063224,52.493480682373,3.07106675941905,0.751406788825989,1495016332.304
295,6,-0.235809564590454,-0.327606290578842,0.282748520895547,-3.06565129328043,47.435432434082,3.0786627905733,0.95283842086792,1495016332.462
296,6,-0.254553914070129,-0.34507218003273,0.275129989232669,-3.07597894170477,42.3245964050293,3.08825888823887,0.834429919719696,1495016332.635
297,6,-0.0030418187379837,-0.177011847496033,0.275065149694002,-3.07975213383713,37.434497833252,3.09201132637811,0.390207469463348,1495016332.781
298,6,-0.0414850041270256,-0.169608265161514,0.274016368361478,-3.08403999606798,37.6245002746582,3.0961892170016,0.350647300481796,1495016332.94
299,6,0.122507773339748,0.0951271802186966,0.277191892880899,-3.08157420402057,39.0091171264648,3.09401598579643,0.547628581523895,1495016333.101
300,6,0.239674419164658,0.0535274744033813,0.283099632519345,-3.08025480421402,39.008472442627,3.09323698749646,0.462690412998199,1495016333.258
301,7,-0.673723995685577,-0.50087708234787,0.0493161946060785,-0.268879111616774,100.512992858887,0.273364342433775,2.3581531047821,1495016359.356
302,7,-0.640542030334473,-0.463474929332733,0.032505772352739,-0.281042574585553,93.8253021240234,0.282916160665884,1.38531541824341,1495016359.518
303,7,-0.174462631344795,0.045179009437561,0.0282054524610304,-0.279928959644207,85.8504791259766,0.281346352377314,0.993207275867462,1495016359.675
304,7,0.0357744768261909,-0.157671734690666,0.0291212800503565,-0.283965360382873,84.7664184570313,0.285454680902497,1.1767783164978,1495016359.835
305,7,0.296407967805862,-0.582952976226807,0.0365208078440555,-0.298518197075964,83.3692169189453,0.30074388338097,1.47244024276733,1495016359.993
306,7,-0.0305395126342773,-0.013032415881753,0.0357094024694722,-0.298864455787323,79.2640838623047,0.300990239638729,1.63507783412933,1495016360.156
307,7,-0.238120600581169,0.152120769023895,0.0299145070440304,-0.295162449550232,79.2497329711914,0.296674483830647,0.939952373504639,1495016360.312
308,7,-0.367017209529877,-0.108024373650551,0.0201632140242834,-0.298032552895224,79.9648818969727,0.298713839292781,1.737424492836,1495016360.475
309,7,-0.228914171457291,-0.371377527713776,0.0148045707353853,-0.306726115569225,76.7942276000977,0.307083189521739,1.46368849277496,1495016360.628
310,7,-0.0293781999498606,-0.102233037352562,0.0140240203179519,-0.309442348698457,72.2736434936523,0.309759972097584,1.28930985927582,1495016360.791
311,7,-0.136878371238708,-0.190990954637527,0.0105636017015799,-0.314270786157241,68.506706237793,0.314448273509015,1.02831959724426,1495016360.95
312,7,0.230645135045052,-0.265152275562286,0.0163214262967848,-0.320890046925126,67.7893676757812,0.321304857062527,1.46764993667603,1495016361.108
313,7,0.334943741559982,-0.550448060035706,0.0245774614029088,-0.334458052365642,66.7581329345703,0.335359867010395,1.53745973110199,1495016361.265
314,7,0.0255276765674353,0.0614585652947426,0.0252474092577005,-0.332845134955433,66.0066909790039,0.333801311467954,1.65459477901459,1495016361.427
315,7,0.353250473737717,0.478484928607941,0.0340659532324413,-0.320900238351238,65.6902923583984,0.322703350065531,0.872911274433136,1495016361.585
316,7,0.00893194880336523,0.104453183710575,0.0342917616026018,-0.318259560074748,62.6708145141602,0.320101659622036,2.23157954216003,1495016361.744
317,7,-0.253520131111145,-0.965147614479065,0.0277202651941452,-0.343277155538988,61.780143737793,0.344394568216998,1.85248589515686,1495016361.905
318,7,0.0853449702262878,-0.444279730319977,0.0298778756829224,-0.354509013767397,63.1680183410645,0.355765833516454,2.06653833389282,1495016362.064
319,7,0.271375983953476,0.139291182160378,0.0365670075212513,-0.351075633009772,62.2615966796875,0.352974851982789,1.15361523628235,1495016362.221
320,7,-0.134184330701828,0.15560594201088,0.0330454661515123,-0.346991901628452,63.5485343933105,0.348561877761897,1.40449595451355,1495016362.383
321,7,0.577137053012848,-0.275844663381577,0.0474531141515119,-0.353878087140079,59.8522262573242,0.357045513346124,1.73294293880463,1495016362.541
322,7,0.446218073368073,0.0910093560814857,0.0588762750417531,-0.351548252068207,55.9400749206543,0.3564443705475,2.09730124473572,1495016362.701
323,7,-0.105099603533745,0.369375437498093,0.0562856727741215,-0.342443509387777,57.7292098999023,0.347038375516962,0.565369963645935,1495016362.858
324,7,-0.548922121524811,0.00427153985947371,0.0422332513864859,-0.342334157850053,57.5285873413086,0.344929446631596,2.08155560493469,1495016363.018
325,7,-0.277906954288483,-0.370975822210312,0.0349398666021154,-0.352070040221206,51.8451156616211,0.353799530100783,1.42746996879578,1495016363.18
326,7,0.294393271207809,-0.0129206301644444,0.0421963723388051,-0.35238852109723,47.8330612182617,0.354905908149819,1.09135794639587,1495016363.337
327,7,0.376463681459427,0.0414835810661316,0.051954689044394,-0.35131322501407,45.4599914550781,0.355134160259875,0.834656357765198,1495016363.498
328,7,0.403446823358536,-0.381814897060394,0.0620263345700512,-0.360844851183773,44.3093490600586,0.366136959082301,1.3712785243988,1495016363.656
329,7,0.238037183880806,0.107527017593384,0.068120074854496,-0.358092164783722,44.0288352966309,0.364513844836756,1.75284314155579,1495016363.816
330,7,-0.159710884094238,0.451636224985123,0.064183358020287,-0.346959774277459,45.3147964477539,0.352846409098103,1.53679919242859,1495016363.973
331,7,0.278085559606552,0.205212116241455,0.0713916150063839,-0.341640470130124,46.8085098266602,0.349020018801146,1.21677076816559,1495016364.134
332,7,-0.156998559832573,-0.41872826218605,0.0676197259988533,-0.351700412915372,47.152702331543,0.358141882204529,1.82490563392639,1495016364.289
333,7,-0.192896336317062,-0.211244344711304,0.0627431186343674,-0.357040875812665,50.318531036377,0.362511911441598,0.815435290336609,1495016364.448
334,7,0.399325221776962,-0.116061367094517,0.0732230329515808,-0.360086797072727,55.0585517883301,0.367456274923593,1.46871566772461,1495016364.61
335,7,0.296948879957199,-0.488076835870743,0.0806360640749217,-0.372271146026705,55.6583786010742,0.38090416247861,1.47142934799194,1495016364.768
336,7,0.427288234233856,-0.55362856388092,0.0917118042314796,-0.386621754411202,55.5312881469727,0.397350520346192,1.99085485935211,1495016364.929
337,7,0.000666984939016402,0.579092085361481,0.0917286662607318,-0.371981742153284,56.0332412719727,0.383124737793535,1.84958434104919,1495016365.088
338,7,-0.0654807463288307,0.433959722518921,0.0901554919109415,-0.36155586366863,57.4309577941895,0.372626696943298,0.761372685432434,1495016365.243
339,7,0.00668894639238715,0.0479719564318657,0.0903332107605538,-0.360281295087781,60.3916130065918,0.371433305663937,1.38655602931976,1495016365.406
340,7,-0.383534014225006,-0.474387496709824,0.0807586685540985,-0.37212390341195,60.0770797729492,0.380786241922127,1.46952188014984,1495016365.564
341,7,-0.12641803920269,-0.421145260334015,0.0774817860164337,-0.38304041151564,56.0702743530273,0.390798393060114,0.86905974149704,1495016365.725
342,7,-0.0302610043436289,-0.149305939674377,0.0767071057828242,-0.386862636280979,53.2766609191895,0.394394066167135,0.936712741851807,1495016365.885
343,7,-0.0546526312828064,0.0747482106089592,0.0753940768009782,-0.385066811184053,50.5324440002441,0.392378281626451,0.351369380950928,1495016366.04
344,7,0.135118275880814,-0.513630211353302,0.0789840389777507,-0.398713470154395,48.7779159545898,0.406461449212343,0.976811587810516,1495016366.203
345,7,0.620222985744476,-0.912209331989288,0.0936932556879086,-0.420347438997315,45.0217971801758,0.430662740010093,1.48963367938995,1495016366.357
346,7,0.0761084109544754,-0.321774691343307,0.095740268365996,-0.429001894719185,42.5162811279297,0.439555257799794,0.94493567943573,1495016366.521
347,7,-0.0232954882085323,-0.322885304689407,0.0951805944683977,-0.436759211300623,40.6691818237305,0.447010015793047,1.24968838691711,1495016366.676
348,7,-0.108679831027985,-0.172003239393234,0.0920765931074207,-0.441671790609212,40.2525215148926,0.451167451860412,0.670730769634247,1495016366.845
349,7,0.0432300567626953,0.212736517190933,0.0930622819304831,-0.436821183810258,40.4284362792969,0.44662437791001,0.372942447662354,1495016366.996
350,7,0.155066356062889,0.392227470874786,0.0969333580693893,-0.427029618172956,40.4117202758789,0.437893104197302,0.547522306442261,1495016367.154
351,8,0.1508519500494,0.318619340658188,-0.00211897586758232,-0.193684028733313,70.8804702758789,0.193695619581585,1.0583381652832,1495016397.233
352,8,0.0383571274578571,0.321867883205414,-0.00120929771452333,-0.186050605666244,68.8153228759766,0.186054535740837,1.1119396686554,1495016397.387
353,8,0.00315721635706723,-0.680363357067108,-0.00112745949575839,-0.203686307169774,67.9712982177734,0.203689427544422,1.76496183872223,1495016397.548
354,8,0.100181952118874,-0.384638130664825,0.00143719358679022,-0.213533024533644,66.2729949951172,0.213537861026778,1.58833849430084,1495016397.708
355,8,-0.0731451734900475,0.431174129247665,-0.000435324863547725,-0.202494954982349,65.0960540771484,0.202495422913804,0.712247610092163,1495016397.868
356,8,0.20691080391407,0.442955911159515,0.00472999594652422,-0.191437004684081,62.7490653991699,0.191495429773315,1.1282160282135,1495016398.026
357,8,-0.137046620249748,-0.504214406013489,0.00130876444901364,-0.204024211900196,60.4415512084961,0.204028409555825,1.71035218238831,1495016398.184
358,8,-0.369262516498566,-0.489807784557343,-0.00826289082866579,-0.216720521589471,56.3556594848633,0.216877983767046,1.23622345924377,1495016398.345
359,8,0.129996031522751,0.13996522128582,-0.00489326313669031,-0.213092482486788,56.5018501281738,0.213148657318096,0.665618300437927,1495016398.506
360,8,0.199818104505539,0.0702794939279556,-0.00021572859222586,-0.211447312438614,55.5742721557617,0.211447422486864,0.72849839925766,1495016398.659
361,8,-0.235862851142883,-0.466883718967438,-0.0062538240596521,-0.223399548467528,58.2368087768555,0.2234870657798,1.36916720867157,1495016398.819
362,8,0.404613167047501,-0.136918991804123,0.00436483614500372,-0.226992847865423,59.6189651489258,0.227034809614358,1.17602097988129,1495016398.981
363,8,0.433034241199493,0.549334764480591,0.0154505246133546,-0.212929862806786,58.3992233276367,0.213489684026522,1.34252595901489,1495016399.141
364,8,0.148581206798553,0.501635432243347,0.0190201867888978,-0.200878075996229,57.7868537902832,0.20177653213749,0.70597106218338,1495016399.296
365,8,-0.420967906713486,-0.351533263921738,0.00810827586916749,-0.209990171241644,58.6417045593262,0.210146653924504,1.99121510982513,1495016399.457
366,8,-0.255749493837357,-0.293905645608902,0.00147899213990035,-0.217608500745021,56.8106269836426,0.217613526726271,0.917529940605164,1495016399.618
367,8,0.191954091191292,0.164565250277519,0.00627093360961983,-0.213500294233841,51.9374504089355,0.213592369354041,0.93115109205246,1495016399.776
368,8,0.141468495130539,0.357185691595078,0.00980255278099382,-0.204583511489997,47.4220848083496,0.20481821992831,0.839862704277039,1495016399.934
369,8,0.00731824059039354,-0.253405809402466,0.00998294024232672,-0.210829716446025,46.8826713562012,0.21106593385147,1.96354556083679,1495016400.091
370,8,0.440671026706696,-0.557226538658142,0.0211235332426062,-0.22491694637475,45.8721504211426,0.2259066984912,1.77579140663147,1495016400.25
371,8,0.234277874231339,0.303723156452179,0.0273480702407472,-0.216847315255159,46.094799041748,0.218565036268986,1.14190483093262,1495016400.413
372,8,-0.0611083582043648,0.54674369096756,0.0258031913936901,-0.203025101931854,44.803092956543,0.204658243666213,0.723026871681213,1495016400.572
373,8,-0.207919791340828,-0.0852036848664284,0.0203465483729453,-0.205261185805207,43.1501388549805,0.206267148205554,1.10196769237518,1495016400.734
374,8,-0.247015476226807,-0.434229850769043,0.0142578588694897,-0.215964526238974,42.3796463012695,0.216434662503876,0.729522943496704,1495016400.891
375,8,0.0891564562916756,0.0670394152402878,0.0165118209697796,-0.214269704490082,43.7600479125977,0.214904970845267,1.2702476978302,1495016401.05
376,8,-0.0817511677742004,0.0873706340789795,0.0144709850145574,-0.212088584191575,47.3971176147461,0.212581694770925,0.980726540088654,1495016401.208
377,8,0.284436166286469,-0.670033752918243,0.0218438561037067,-0.229456531981554,48.4779434204102,0.230493935101298,1.34045112133026,1495016401.369
378,8,0.537636160850525,-0.0542779937386513,0.0350960607803202,-0.230794431354473,48.8805732727051,0.233447645150965,1.58750557899475,1495016401.526
379,8,0.0899423658847809,0.299478471279144,0.0373698914410128,-0.223223323751142,49.9860992431641,0.22632976174781,1.04837250709534,1495016401.685
380,8,0.373326450586319,0.425069630146027,0.0469270588297425,-0.212341529544515,51.8233642578125,0.217465109890562,0.669895887374878,1495016401.845
381,8,-0.306066602468491,-0.106004059314728,0.0390917454001766,-0.215055236374461,52.5857620239258,0.218579320271858,1.51670205593109,1495016402.005
382,8,-0.506878197193146,-0.477598756551743,0.0265977323427031,-0.22682754209531,52.2390327453613,0.228381639408193,0.904239773750305,1495016402.162
383,8,-0.163751661777496,-0.447803676128387,0.0225614142970978,-0.237865464026761,53.287841796875,0.238933037463955,1.03542256355286,1495016402.319
384,8,0.0552470088005066,0.270044833421707,0.0239581125191911,-0.231038467472296,54.2156677246094,0.232277344154417,0.861177444458008,1495016402.478
385,8,-0.163019821047783,0.481831461191177,0.0197848006228936,-0.218703568831902,54.3724365234375,0.21959665151249,0.552147686481476,1495016402.638
386,8,-0.0108694704249501,-0.119936883449554,0.0195100098179752,-0.221735690127053,53.2336502075195,0.222592355572283,1.20800852775574,1495016402.797
387,8,0.373385012149811,-0.570221364498138,0.0289495751073012,-0.236151485149348,51.8380126953125,0.237919317914994,1.0751348733902,1495016402.956
388,8,0.124376870691776,-0.346802860498428,0.0321336169239242,-0.245029621444382,49.3258743286133,0.247127668871356,1.01119208335876,1495016403.116
389,8,0.0374535918235779,-0.00640176236629486,0.0330686082999116,-0.24518943502466,48.0342788696289,0.24740936098419,0.54527747631073,1495016403.274
390,8,0.313334435224533,0.333808958530426,0.0410899784476492,-0.236643916517942,45.855598449707,0.24018478210282,0.679965138435364,1495016403.434
391,8,0.00977734941989183,-0.298099279403687,0.04133715936926,-0.244180156806604,42.4808235168457,0.247654415916247,0.812500357627869,1495016403.593
392,8,-0.348373174667358,-0.262898147106171,0.0325299196024884,-0.250826498098567,40.3357315063477,0.252927119577429,0.919148921966553,1495016403.752
393,8,-0.10950044542551,-0.0239766724407673,0.0297616416311598,-0.251432651743748,37.2052841186523,0.25318794141008,0.482214868068695,1495016403.911
394,8,-0.111494317650795,0.0991840660572052,0.0269073840370157,-0.248893536928511,33.2082405090332,0.250343763733989,0.607112407684326,1495016404.071
395,8,-0.22389480471611,0.0740559846162796,0.0196532062004797,-0.24649412760346,31.5598087310791,0.247276370599678,0.381509691476822,1495016404.251
396,8,-0.0899509117007256,0.158754989504814,0.0178901656890012,-0.243382525146027,32.2560119628906,0.244039159920772,0.665313065052032,1495016404.391
397,8,0.218325540423393,0.104145169258118,0.0235493829609332,-0.24068297776595,35.1504287719727,0.24183231633536,0.505605101585388,1495016404.552
398,8,0.310990691184998,0.127228245139122,0.0312149988406116,-0.237546926160785,35.4525108337402,0.239589061271705,0.421814620494843,1495016404.709
399,8,0.122061252593994,0.324852168560028,0.0343008262579859,-0.229334346762879,36.4842300415039,0.231885293382605,0.409805476665497,1495016404.868
400,8,0.0131230028346181,0.202369973063469,0.0346242954220782,-0.224346125176007,35.965705871582,0.227002259272818,0.293647855520248,1495016405.025
401,9,-0.040694672614336,-0.00471657514572144,-0.150765608758031,-0.192333585890439,85.2892303466797,0.244381826340779,0.910726189613342,1495016435.421
402,9,0.104239642620087,0.627251207828522,-0.14813032900841,-0.176476064084263,87.0901184082031,0.230404851439402,0.996654510498047,1495016435.58
403,9,-0.558222055435181,-0.124830201268196,-0.162600005307233,-0.179711788268002,85.7651901245117,0.242353230984024,1.54272711277008,1495016435.741
404,9,-0.274359554052353,-0.712161123752594,-0.170251623978878,-0.199573263005217,78.9476623535156,0.262326328785341,1.06704020500183,1495016435.908
405,9,0.0162706710398197,-0.393130362033844,-0.169885533414974,-0.208418707398532,75.4816131591797,0.268885574282751,0.959291577339172,1495016436.058
406,9,-0.0184425916522741,0.0613648220896721,-0.170340123851479,-0.20690612924326,75.1432723999023,0.268003552424527,1.14463603496552,1495016436.215
407,9,-0.038568526506424,-0.0486278273165226,-0.171315176711728,-0.2081354917937,78.0428466796875,0.269572388637961,1.89562261104584,1495016436.374
408,9,0.162783250212669,-0.343511313199997,-0.166990195520861,-0.217262229136141,77.0231781005859,0.274022994672528,1.38204383850098,1495016436.537
409,9,-0.0119987167418003,0.0215374827384949,-0.167278464584164,-0.216744791304369,73.3429107666016,0.273788950235778,1.51608324050903,1495016436.692
410,9,-0.0926022678613663,0.152645021677017,-0.169678808367511,-0.212788079041233,76.8347625732422,0.272157426117819,0.558273673057556,1495016436.853
411,9,-0.390801966190338,0.344912230968475,-0.179434787709306,-0.204177690938881,76.9591445922852,0.271818639017667,1.51081955432892,1495016437.011
412,9,-0.608813405036926,-0.21538870036602,-0.195412522077213,-0.209830364503268,74.2607269287109,0.286731295208862,1.36081659793854,1495016437.173
413,9,-0.136667191982269,-0.64051628112793,-0.198781224243947,-0.225618415408301,69.2777328491211,0.300695268475038,1.34109961986542,1495016437.33
414,9,-0.0304921269416809,-0.395017832517624,-0.199552097240212,-0.235604881118398,65.4972763061523,0.30875669955449,0.868167042732239,1495016437.489
415,9,0.499790847301483,-0.400280147790909,-0.186757475953133,-0.245852033356925,65.7983169555664,0.308741926420951,1.18433511257172,1495016437.649
416,9,0.34014368057251,0.0527928173542023,-0.178049788388149,-0.244500535782659,63.3343734741211,0.302460310029386,1.68084692955017,1495016437.809
417,9,-0.248973801732063,1.17656111717224,-0.184186748696861,-0.215499456847334,60.2384033203125,0.283486815032051,1.82393229007721,1495016437.966
418,9,0.0521805882453918,0.14130873978138,-0.182867572574705,-0.211927034196696,60.8231620788574,0.27991716082222,0.745629191398621,1495016438.125
419,9,0.430328279733658,-0.519530773162842,-0.172260402044837,-0.224732958803518,64.9469985961914,0.283158169377528,1.58675050735474,1495016438.282
420,9,0.222409248352051,-0.927123248577118,-0.166351220267591,-0.249365656617777,65.8835296630859,0.299759835843516,1.82908034324646,1495016438.445
421,9,-0.355973780155182,-0.216654106974602,-0.175464158816679,-0.254912007706911,63.4966812133789,0.309463734066551,0.90628319978714,1495016438.605
422,9,0.0739924088120461,0.325668513774872,-0.173617012501482,-0.246782019714185,60.7217330932617,0.301735367970267,1.08611190319061,1495016438.763
423,9,0.0767164677381516,0.26021671295166,-0.171701862785822,-0.240285970319414,59.758472442627,0.295328422635654,1.00174415111542,1495016438.921
424,9,0.244534760713577,-0.4557985663414,-0.165519785729633,-0.251809002263831,57.0901985168457,0.301337971535433,1.71601736545563,1495016439.08
425,9,0.0991081148386002,-0.0789715945720673,-0.162414825993824,-0.254283104629901,54.2005310058594,0.301725824222629,2.10599660873413,1495016439.257
426,9,-0.0568179711699486,0.419602781534195,-0.163560502918166,-0.245822238916206,53.360034942627,0.295263630101337,1.2272766828537,1495016439.399
427,9,-0.00434175739064813,0.628779530525208,-0.163670267105334,-0.229926031950611,52.1656112670898,0.282230289839494,0.97065544128418,1495016439.558
428,9,-0.385970056056976,-0.140479132533073,-0.1734279662601,-0.233477481321538,49.1566314697266,0.2908418707225,1.68269193172455,1495016439.717
429,9,-0.306763887405396,-0.700715780258179,-0.181281130203202,-0.251415824541886,44.4930419921875,0.309956069464411,1.05605053901672,1495016439.877
430,9,-0.00127864815294743,-0.040187269449234,-0.181313455674584,-0.25243179787708,41.9677619934082,0.310799584600936,1.32417571544647,1495016440.036
431,9,0.341476887464523,0.367589980363846,-0.172680587181561,-0.243138764947688,41.8430709838867,0.298219791780585,1.09291040897369,1495016440.195
432,9,0.700520396232605,-0.679126858711243,-0.154970695778397,-0.260307805251769,46.4391403198242,0.302945655233794,1.83727014064789,1495016440.354
433,9,0.0895423889160156,-0.232810497283936,-0.152791595025895,-0.265973474170849,50.2980041503906,0.306736304458844,1.27803707122803,1495016440.51
434,9,-0.253250688314438,0.385448396205902,-0.159437901238393,-0.255857773845013,55.2918090820312,0.301469144006861,1.08657312393188,1495016440.672
435,9,-0.0283215250819921,0.780799269676208,-0.16014491972226,-0.236365902759236,59.1218185424805,0.285508730689689,0.995536029338837,1495016440.83
436,9,-0.0338621698319912,0.115855619311333,-0.161011792200011,-0.233399995722795,57.8931465148926,0.28354956397579,1.95421719551086,1495016440.99
437,9,0.116172932088375,-0.852703094482422,-0.158037761947763,-0.255229218361742,58.26123046875,0.300196415879676,1.58757877349854,1495016441.15
438,9,0.255849450826645,-0.453567206859589,-0.151650736874151,-0.266552069020284,58.4652481079102,0.306672384628071,1.33041620254517,1495016441.308
439,9,0.141351893544197,0.34060925245285,-0.148122028544498,-0.258049100463222,58.4868774414062,0.297539028683659,0.958832263946533,1495016441.466
440,9,0.245008379220963,0.789246499538422,-0.141849825999735,-0.237844428612447,58.2729415893555,0.276932022991449,1.17093026638031,1495016441.626
441,9,0.474306404590607,-0.759876847267151,-0.129707569014998,-0.257297296773133,55.9462699890137,0.288142243321839,1.70701766014099,1495016441.786
442,9,-0.0688412636518478,-0.796752333641052,-0.13144794324768,-0.277439972223012,56.3511772155762,0.307004071587252,1.84016954898834,1495016441.945
443,9,-0.202042728662491,0.305238604545593,-0.137082716640003,-0.268927167141684,57.9374580383301,0.301850115832767,1.01649701595306,1495016442.112
444,9,0.0899210572242737,0.563698470592499,-0.135113085751796,-0.256579915523576,56.5022773742676,0.289980687273234,0.642377436161041,1495016442.26
445,9,0.065000519156456,0.0982008054852486,-0.133407213372295,-0.254002735465693,52.9652938842773,0.286905688691974,0.85096150636673,1495016442.422
446,9,-0.336246430873871,-0.765096306800842,-0.142015131237953,-0.273589221933798,50.0721092224121,0.308252104386773,1.35983455181122,1495016442.582
447,9,-0.585209548473358,-0.896782577037811,-0.156809798924962,-0.296260759418766,46.0561408996582,0.335201059977845,1.12806951999664,1495016442.741
448,9,-0.162978202104568,-0.534362077713013,-0.160930059057112,-0.309769994006597,40.8655776977539,0.349078691837489,0.688093304634094,1495016442.9
449,9,0.18569952249527,-0.00982729811221361,-0.156176160348588,-0.310021572358421,38.1653060913086,0.347137391228337,0.336953938007355,1495016443.06
450,9,0.0963191539049149,0.148058742284775,-0.153862093530294,-0.306464462388188,38.6709022521973,0.342919831057356,0.689388811588287,1495016443.215
451,10,-0.512275576591492,-0.520789742469788,-0.101842841137088,-0.208516099010804,86.0277633666992,0.232058026875947,1.75893151760101,1495016475.202
452,10,-0.196702569723129,-0.622765243053436,-0.106815673791351,-0.224260211255779,80.731803894043,0.248399336794579,1.52785575389862,1495016475.361
453,10,-0.271623909473419,-0.341823995113373,-0.11359649241259,-0.232793504645689,80.0999450683594,0.25903084544831,1.49048590660095,1495016475.519
454,10,0.0773105248808861,0.20656082034111,-0.111517147664801,-0.227237842495716,79.0394439697266,0.253126670434786,1.1546196937561,1495016475.683
455,10,0.251564204692841,-0.337955921888351,-0.105395089113708,-0.235462327151693,76.5894088745117,0.257974092336764,1.37028360366821,1495016475.839
456,10,0.0810374394059181,-0.22858253121376,-0.103372070671751,-0.241168660909826,71.6480941772461,0.26238922996191,1.86221599578857,1495016475.997
457,10,-0.29865351319313,0.133468672633171,-0.11111346967119,-0.237709018872698,71.1627578735352,0.262396228623414,0.83673095703125,1495016476.158
458,10,-0.210834532976151,0.0438749678432941,-0.116244347899261,-0.236641275775366,71.9135437011719,0.263650984862787,0.799619555473328,1495016476.314
459,10,-0.31414920091629,-0.342788875102997,-0.124488873509825,-0.245637420446623,71.4214324951172,0.275381956473942,1.42287194728851,1495016476.476
460,10,-0.328464090824127,-0.415014445781708,-0.132792765822477,-0.256129390078128,66.5685882568359,0.288506816412675,1.25537884235382,1495016476.635
461,10,0.0307034347206354,-0.028308242559433,-0.132006757050334,-0.256854081865159,61.6862373352051,0.288790240966933,0.912452697753906,1495016476.795
462,10,0.0874888971447945,-0.332953274250031,-0.129850241443088,-0.265061053902028,60.3306694030762,0.295158343094824,1.51780426502228,1495016476.952
463,10,0.497133791446686,-0.21235366165638,-0.117123640656152,-0.270497297271605,59.5337905883789,0.294765559439692,1.28162515163422,1495016477.112
464,10,0.224261432886124,0.407079517841339,-0.111666004816573,-0.260590592683405,57.0287895202637,0.283507942793113,1.69584918022156,1495016477.268
465,10,0.195484772324562,0.0520654432475567,-0.106723959267321,-0.259274327539007,58.1084480285645,0.280380420861545,0.741506516933441,1495016477.427
466,10,0.0261802785098553,0.213037371635437,-0.106036884539655,-0.25368337883905,59.7211418151855,0.274952864291451,0.783940315246582,1495016477.589
467,10,-0.306202679872513,-0.495159298181534,-0.113875681554501,-0.266359470472457,58.9092826843262,0.289680925088052,1.91739881038666,1495016477.749
468,10,-0.22393611073494,-0.337923586368561,-0.119466022083003,-0.274795394067866,58.1331558227539,0.299640850074302,1.52191817760468,1495016477.907
469,10,0.423494875431061,0.0977898687124252,-0.10848860959628,-0.272260582460556,56.4824638366699,0.293079516810533,0.874255836009979,1495016478.068
470,10,-0.0392708666622639,-0.113790176808834,-0.109456597988306,-0.27506539884581,56.9631233215332,0.29604344357776,1.18548250198364,1495016478.225
471,10,0.484008073806763,0.0962393432855606,-0.0967542993716603,-0.27253969536432,56.1053695678711,0.289204564272726,1.33146190643311,1495016478.387
472,10,-0.100146137177944,0.209995701909065,-0.0991293665141129,-0.267559434460454,54.3083992004395,0.285332581865947,1.83372974395752,1495016478.541
473,10,-0.29762202501297,0.355738997459412,-0.106748475822126,-0.258452533495553,54.3257942199707,0.279630021922928,0.834129512310028,1495016478.701
474,10,-0.0594503507018089,0.226205706596375,-0.108289488618255,-0.252589054402373,52.1674423217773,0.274823295499287,1.4250328540802,1495016478.862
475,10,-0.0820856243371964,-0.273879081010818,-0.110338673946309,-0.259426171120435,46.5910720825195,0.281915876158899,2.19808149337769,1495016479.02
476,10,-0.408838123083115,-0.339761108160019,-0.121334788708674,-0.268564389711553,44.6459655761719,0.294701480098281,1.44343566894531,1495016479.184
477,10,-0.261043131351471,0.0490879043936729,-0.12776924616894,-0.267354420956583,43.5940132141113,0.296316328729298,0.804788589477539,1495016479.341
478,10,0.145459815859795,-0.185896590352058,-0.124137987676504,-0.271995142989956,43.0286026000977,0.298984276834917,1.65351510047913,1495016479.499
479,10,0.465252250432968,-0.54719477891922,-0.112523431618367,-0.28565531213167,43.1565361022949,0.307018696518982,1.63043332099915,1495016479.657
480,10,0.121671438217163,0.249426364898682,-0.109408648740993,-0.279270009369279,44.8234329223633,0.299936644230823,1.80488610267639,1495016479.817
481,10,0.308329910039902,0.450768083333969,-0.101613744763149,-0.267874118761683,48.0887756347656,0.286499383292772,0.647296786308289,1495016479.976
482,10,0.0536101758480072,0.151070818305016,-0.100292306447015,-0.264150371085049,50.3155784606934,0.282549049329194,1.09973990917206,1495016480.133
483,10,-0.338354647159576,-0.357772290706635,-0.108846241662427,-0.273195203252318,52.4518814086914,0.294080130923718,1.55040836334229,1495016480.292
484,10,-0.291683375835419,-0.309107214212418,-0.116406967701451,-0.281207572680821,54.9597358703613,0.304348946215501,1.43970251083374,1495016480.453
485,10,0.25188684463501,0.0290036983788013,-0.109958676777952,-0.280465079418519,54.5682182312012,0.301250014725301,1.31167387962341,1495016480.613
486,10,0.109038308262825,0.0626362934708595,-0.107202073817489,-0.278881568130009,54.3672370910645,0.298776193284243,1.20592713356018,1495016480.772
487,10,0.327169001102448,-0.462047904729843,-0.0989309226350984,-0.290562589439026,53.028881072998,0.306942903216451,1.61839127540588,1495016480.931
488,10,0.0327750667929649,-0.250203549861908,-0.0981127259466958,-0.296808670254566,51.4259262084961,0.312604372539756,1.68172490596771,1495016481.089
489,10,-0.00889676809310913,0.275629699230194,-0.0983320225645865,-0.290014668185632,52.5003890991211,0.306231439314229,0.728568911552429,1495016481.246
490,10,0.347670942544937,0.0224037207663059,-0.0890947682085435,-0.289419424689799,52.8078727722168,0.30282252411257,0.778001189231873,1495016481.409
491,10,-0.206094890832901,-0.278111487627029,-0.0943050635190396,-0.296450375209349,50.3638381958008,0.311088845777366,1.40846419334412,1495016481.568
492,10,-0.714126586914062,-0.388754934072495,-0.112132517913083,-0.30615525244629,46.1769485473633,0.326044077041708,1.38935160636902,1495016481.726
493,10,-0.208904594182968,-0.165747433900833,-0.117281811508993,-0.310240764319603,42.0014801025391,0.331669044615928,0.774702668190002,1495016481.883
494,10,-0.105209790170193,-0.139123648405075,-0.120042935226673,-0.313891922683097,39.3026504516602,0.336063156896924,0.508927345275879,1495016482.045
495,10,-0.107086539268494,-0.144717007875443,-0.122888112894069,-0.317736902656418,38.6397399902344,0.34067319765482,0.806348145008087,1495016482.208
496,10,0.308160960674286,-0.298010289669037,-0.115674361994319,-0.324713036137217,40.5426445007324,0.344701485143656,0.826313614845276,1495016482.361
497,10,0.22398579120636,-0.112684890627861,-0.109868425337507,-0.327633941671633,43.2317657470703,0.3455648573299,0.564095139503479,1495016482.522
498,10,0.232835382223129,-0.0562648884952068,-0.103907850921505,-0.329074320069802,44.5203971862793,0.345089480588047,0.789921641349792,1495016482.682
499,10,-0.0431443080306053,0.0731474980711937,-0.105125559078746,-0.327009799646392,46.2774848937988,0.34349205556518,0.643158674240112,1495016482.85
500,10,-0.000623364758212119,0.257742196321487,-0.105139029337744,-0.321440260955795,44.3071708679199,0.338198250813651,0.627170443534851,1495016482.997
501,11,0.0329080447554588,-0.208731859922409,-0.32905761958503,0.127838490488184,85.606201171875,0.353017841839848,1.37080240249634,1495016517.681
502,11,-0.0340027995407581,-0.75307959318161,-0.32987453654242,0.109745759941187,83.2161026000977,0.347651178171663,1.30374872684479,1495016517.836
503,11,0.292028099298477,-0.136179566383362,-0.321134417729702,0.105670037115493,79.1217422485352,0.338073174023885,1.6334125995636,1495016518.009
504,11,0.0912931114435196,0.189726144075394,-0.319107621282477,0.10988214325009,79.405891418457,0.337496310151376,0.535740256309509,1495016518.158
505,11,-0.375383317470551,-0.0656499117612839,-0.328242965780376,0.108284484184585,80.1173477172852,0.345642841817126,1.52342247962952,1495016518.314
506,11,-0.471452713012695,-0.41076534986496,-0.340923126390396,0.097236566831359,77.1825790405273,0.354518727343071,1.30756759643555,1495016518.478
507,11,-0.334152638912201,-0.299277782440186,-0.3490550793283,0.0899533298948298,72.0586395263672,0.360459498368477,1.46928691864014,1495016518.634
508,11,-0.024341206997633,0.0566617920994759,-0.349678214895991,0.0914038733288394,67.7984466552734,0.361427063226263,1.03189420700073,1495016518.794
509,11,0.220523953437805,0.0572948753833771,-0.343819123438436,0.0929261384147277,65.8510131835937,0.356155663780105,1.36798286437988,1495016518.957
510,11,0.569047033786774,-0.434055954217911,-0.329792671515202,0.0822270843605905,61.5443725585937,0.33988895184689,1.38905298709869,1495016519.114
511,11,0.0506806448101997,0.0704424679279327,-0.328606290193939,0.0838760694610428,61.0727462768555,0.339141989413368,1.34926867485046,1495016519.267
512,11,0.0814073607325554,0.650502800941467,-0.326443375191985,0.101159301030134,61.0192260742187,0.341757928059673,0.999652087688446,1495016519.43
513,11,-0.310382425785065,-0.205357670783997,-0.334290145391407,0.095967658986436,59.4942016601562,0.347792600377215,1.71521830558777,1495016519.589
514,11,-0.338780373334885,-0.600078463554382,-0.342854869064766,0.0807970451398167,58.9702568054199,0.352246538300582,0.974060237407684,1495016519.748
515,11,0.264416873455048,-0.116734586656094,-0.336085810015291,0.077808645421349,57.8325996398926,0.344975154171919,1.3834536075592,1495016519.908
516,11,0.118820771574974,0.262990415096283,-0.333119568560157,0.084373937509772,55.8890609741211,0.343638775880441,1.16592872142792,1495016520.066
517,11,-0.0143213868141174,-0.373134523630142,-0.333472576715363,0.0751765370387272,59.1471366882324,0.341841295256027,1.12080883979797,1495016520.223
518,11,0.676104664802551,-0.296422570943832,-0.315509180883739,0.0673008984689998,57.5076103210449,0.322607275424257,2.37016534805298,1495016520.386
519,11,-0.267101973295212,0.667579591274261,-0.322092982862452,0.0837560814081476,55.2017822265625,0.332804703665799,1.94210457801819,1495016520.543
520,11,0.147052377462387,0.448283344507217,-0.317942577409126,0.0964084279379008,55.7816390991211,0.332237968189994,0.882927894592285,1495016520.711
521,11,-0.225994065403938,-0.423438936471939,-0.323163940889204,0.0866253011332835,54.7868957519531,0.334572675942721,2.29009985923767,1495016520.863
522,11,-0.744672894477844,-0.452213853597641,-0.341286332355992,0.0756202054162606,51.1546440124512,0.34956369393889,1.13652348518372,1495016521.019
523,11,0.0367173664271832,0.0203844122588634,-0.340334581342979,0.0761485898540586,47.9505386352539,0.348749530457981,0.771307826042175,1495016521.18
524,11,0.143186122179031,-0.0821039006114006,-0.336850008389707,0.0741505119183289,45.8274307250977,0.34491481059806,0.909459590911865,1495016521.336
525,11,-0.079246461391449,-0.0730914250016212,-0.33892975712591,0.0722322963146878,46.079345703125,0.346541317733285,0.903066515922546,1495016521.498
526,11,0.724835276603699,-0.31552842259407,-0.320605214962939,0.0642554303010291,44.213752746582,0.326980831524728,2.07984495162964,1495016521.657
527,11,0.219887688755989,0.267154157161713,-0.315115939230959,0.0709246660363352,43.3942489624023,0.322999014564712,1.49172985553741,1495016521.815
528,11,-0.00373503123410046,0.348526328802109,-0.315211556133138,0.0798469496262333,43.3993606567383,0.325167434538713,0.495737969875336,1495016521.975
529,11,-0.444782197475433,-0.0726330354809761,-0.326174968277835,0.078056621893203,47.0849952697754,0.335384773286483,1.26675391197205,1495016522.132
530,11,-0.157052546739578,-0.0852465778589249,-0.33014542161839,0.0759014988668185,50.6939163208008,0.338758080266455,0.781449913978577,1495016522.291
531,11,0.355463325977325,-0.0740698426961899,-0.32104557782997,0.0740053145104858,54.8443717956543,0.329464792686525,1.04142642021179,1495016522.451
532,11,0.062817171216011,-0.288252949714661,-0.319417293664818,0.0665335085616854,54.2021980285645,0.326273068538739,0.691035628318787,1495016522.612
533,11,0.471682697534561,-0.564667582511902,-0.307492659642721,0.0522581189813763,56.1346817016602,0.311901661960346,1.99325346946716,1495016522.771
534,11,0.213154837489128,-0.121846005320549,-0.30210389762618,0.0491777332248387,55.737663269043,0.306080405132479,2.19165277481079,1495016522.93
535,11,-0.329811751842499,0.743353962898254,-0.310441860122707,0.0679704458242678,56.7140998840332,0.317795736318151,1.33584141731262,1495016523.089
536,11,0.167563036084175,0.598024249076843,-0.306311595434205,0.0827111577172459,57.6474800109863,0.317282097049889,0.784418344497681,1495016523.246
537,11,-0.0199135933071375,-0.194195419549942,-0.30685374276131,0.0774241898646276,57.1033210754395,0.316470732648089,1.70233821868896,1495016523.411
538,11,-0.561290264129639,-0.584481537342072,-0.320513284926126,0.0632002656063642,56.154224395752,0.326684923721391,1.08218884468079,1495016523.567
539,11,-0.169401526451111,-0.210400864481926,-0.324688866601119,0.0580140904133862,53.7570915222168,0.329831009429392,0.8004390001297,1495016523.724
540,11,-0.0163073800504208,0.137656137347221,-0.325106335978305,0.0615380913103148,52.0296440124512,0.330879232311965,0.682417511940002,1495016523.884
541,11,0.010979431681335,0.374693632125854,-0.324828765245666,0.0710107114789399,50.3577041625977,0.332499996805668,0.633213102817535,1495016524.043
542,11,-0.217913702130318,-0.696777045726776,-0.330477307255432,0.0529495506810974,48.3267784118652,0.334692254956895,1.5830397605896,1495016524.204
543,11,0.530365884304047,-0.899096190929413,-0.316899926050311,0.0299326634988834,46.0534744262695,0.318310426274148,1.36379826068878,1495016524.364
544,11,0.187348589301109,-0.381449908018112,-0.311549068667969,0.0190380842339608,45.3785667419434,0.312130214556646,1.00482642650604,1495016524.533
545,11,-0.0296635385602713,-0.303075015544891,-0.312207628263709,0.0123095221876438,43.955451965332,0.312450200003998,1.06674790382385,1495016524.682
546,11,-0.0306242220103741,-0.133326500654221,-0.312962485335639,0.00902315455810929,42.2209243774414,0.313092533519469,1.39442896842957,1495016524.839
547,11,-0.0555019080638885,0.071066178381443,-0.314365631867512,0.0108197821914257,41.2835311889648,0.314551773458885,0.365689814090729,1495016524.998
548,11,0.06374491751194,0.255918473005295,-0.312713304480379,0.0174534263833829,40.9083557128906,0.313199988651913,0.334122508764267,1495016525.159
549,11,0.0501111149787903,0.37009984254837,-0.311462330726861,0.0266925979604909,38.5973739624023,0.312604027881422,0.492949903011322,1495016525.317
550,11,0.0807999819517136,0.398961693048477,-0.309393848969658,0.0369060282603451,37.9818229675293,0.311587240916911,0.529246211051941,1495016525.477
551,12,-0.175341814756393,-0.631125688552856,-0.374268587951045,-0.238895172344358,106.142333984375,0.444013377384409,1.53242874145508,1495016560.324
552,12,-0.0175196919590235,-0.647619485855103,-0.374722715961635,-0.255682119821431,103.426132202148,0.453641334375567,1.57190263271332,1495016560.485
553,12,-0.155492514371872,-0.0597038343548775,-0.37865371825637,-0.257191490936829,105.88858795166,0.457740211648139,1.17695593833923,1495016560.644
554,12,-0.252600133419037,0.146947711706161,-0.384959627378052,-0.253523088616071,107.108558654785,0.460942372941,0.753141164779663,1495016560.802
555,12,-0.462014764547348,-0.289498388767242,-0.396787218040082,-0.260934255319825,106.74813079834,0.474896601376867,1.86011373996735,1495016560.962
556,12,-0.563705503940582,-0.459673404693604,-0.411948603539471,-0.273297600441804,98.625732421875,0.494361436972352,1.02595734596252,1495016561.126
557,12,-0.333377003669739,-0.070196308195591,-0.419549934904524,-0.274898146950185,92.9879760742188,0.501588615376222,1.08981943130493,1495016561.277
558,12,-0.0795958265662193,-0.132468059659004,-0.421638852400669,-0.278374646402977,89.5996551513672,0.505244263316008,0.929330945014954,1495016561.439
559,12,0.349611699581146,-0.4584801197052,-0.412688809962267,-0.290111715080717,87.0307846069336,0.504456996279313,1.58887112140656,1495016561.599
560,12,0.336878091096878,-0.272193044424057,-0.404172177981933,-0.296993041139703,81.0951919555664,0.501557589853915,1.81326961517334,1495016561.758
561,12,0.0935147851705551,0.143048793077469,-0.401778204047716,-0.29333099902172,79.41845703125,0.497462360621272,1.00156915187836,1495016561.918
562,12,0.156373172998428,0.111013725399971,-0.397824925988913,-0.290524455441166,78.5824127197266,0.492614586616627,0.890625596046448,1495016562.077
563,12,-0.370436996221542,-0.349626898765564,-0.406724671537667,-0.298924238583108,77.7586669921875,0.504758020094693,1.7037661075592,1495016562.232
564,12,-0.46745491027832,-0.440599620342255,-0.418841572276657,-0.31034502323621,74.8190689086914,0.521289071547318,0.952089667320251,1495016562.393
565,12,-0.121298313140869,0.0558576807379723,-0.421946803170297,-0.308915069336742,70.9277648925781,0.522941320579046,0.773985326290131,1495016562.553
566,12,0.160445526242256,-0.20559449493885,-0.416805960066293,-0.315502532797278,67.0397796630859,0.522751429025576,0.987776160240173,1495016562.732
567,12,0.605763792991638,-0.219485446810722,-0.405102008100363,-0.31974320739093,66.5476226806641,0.516084639995791,1.57423651218414,1495016562.871
568,12,0.198533162474632,0.315795719623566,-0.399955829142331,-0.31155746518491,62.8663864135742,0.506983943904909,1.52004754543304,1495016563.032
569,12,-0.0990232080221176,0.0827631801366806,-0.402459232341767,-0.309465131336228,64.8045883178711,0.507683071620547,1.17984867095947,1495016563.191
570,12,0.335490554571152,-0.410838067531586,-0.393654624654731,-0.320247157709936,71.1005935668945,0.507466457545077,1.89047014713287,1495016563.353
571,12,-0.238404393196106,-0.727335274219513,-0.399531059397217,-0.338175259694797,71.9152908325195,0.523438223377607,2.33604598045349,1495016563.51
572,12,-0.106367096304893,-0.147352546453476,-0.402186407332933,-0.341853768309211,69.5399322509766,0.527842689776585,1.56165933609009,1495016563.668
573,12,-0.106606163084507,0.334822684526443,-0.404881523108702,-0.333389099165859,67.1316680908203,0.52447815893271,0.57273268699646,1495016563.827
574,12,-0.0627584010362625,-0.0656063109636307,-0.406448223680868,-0.335026894954586,61.7348861694336,0.526728752657612,1.22191071510315,1495016563.985
575,12,0.37787127494812,-0.378954172134399,-0.396774737492933,-0.344728103257613,56.2255477905273,0.525611698393574,2.18687844276428,1495016564.145
576,12,0.194624349474907,-0.0784161612391472,-0.392098889222955,-0.346612050835898,52.8955993652344,0.523336844407636,1.62355387210846,1495016564.3
577,12,0.401938617229462,0.658425331115723,-0.381419768106054,-0.32911832528674,52.762939453125,0.503785580918732,1.072882771492,1495016564.463
578,12,-0.0353273674845695,0.178869992494583,-0.3823354889505,-0.324481835442296,49.4089431762695,0.501466736327565,1.98721468448639,1495016564.624
579,12,-0.537903845310211,-0.69079577922821,-0.395425899964532,-0.34129301973796,47.5038223266602,0.522343342720682,1.30764901638031,1495016564.78
580,12,-0.148768171668053,-0.176580116152763,-0.399282120381918,-0.345870153687902,46.0805053710937,0.528254081734135,1.12955939769745,1495016564.941
581,12,0.206252962350845,0.201138764619827,-0.394002038880828,-0.340720995789192,45.9781379699707,0.520891930839621,1.03563809394836,1495016565.101
582,12,0.1769779920578,-0.50503945350647,-0.389695108047979,-0.353011620000828,51.4111404418945,0.525813161771494,1.86400258541107,1495016565.257
583,12,0.637591123580933,-0.460481226444244,-0.372962129562898,-0.365096516057097,55.8221054077148,0.521915909055398,1.40420782566071,1495016565.419
584,12,0.116710878908634,0.0031403242610395,-0.370158151732247,-0.365021069794577,59.9104919433594,0.519862903742719,1.43110036849976,1495016565.574
585,12,0.176856145262718,0.451681911945343,-0.365516742444077,-0.353167138350538,62.8530807495117,0.508261268067554,0.714845359325409,1495016565.736
586,12,-0.0600200779736042,0.100911423563957,-0.367034108506344,-0.35061599922209,62.6740303039551,0.507588037405878,1.53027188777924,1495016565.895
587,12,-0.54365348815918,-0.300783336162567,-0.381126152910174,-0.358412605371876,63.0534896850586,0.523179453076634,1.24253559112549,1495016566.056
588,12,-0.0567955486476421,-0.206096693873405,-0.382543996849686,-0.363557602740856,62.7935485839844,0.527744294177029,1.37052178382874,1495016566.214
589,12,0.127622723579407,0.0847829729318619,-0.379235887683113,-0.361359942934993,61.5298957824707,0.523832861573976,0.612853944301605,1495016566.375
590,12,-0.0268991626799107,-0.161434084177017,-0.37991592472958,-0.365441153904613,62.213451385498,0.527146418777807,0.998993873596191,1495016566.534
591,12,0.322447836399078,-0.692130923271179,-0.370265372581338,-0.386155963602304,62.1244735717773,0.534988667504669,1.47520005702972,1495016566.707
592,12,0.121241614222527,-0.0507050678133965,-0.36782065805133,-0.387178380012902,61.7658996582031,0.534040386524024,1.38067364692688,1495016566.849
593,12,0.0808137431740761,0.210151150822639,-0.365725884667083,-0.381731051128954,61.1101264953613,0.528653022417859,0.634904861450195,1495016567.01
594,12,0.167259395122528,-0.198395758867264,-0.36149739147872,-0.386746704296633,54.574878692627,0.529389627146421,0.670398354530334,1495016567.169
595,12,0.0118758445605636,-0.581989407539368,-0.361200922923742,-0.401275486463334,50.741039276123,0.539896400022586,1.24444210529327,1495016567.327
596,12,-0.302021354436874,-0.68859726190567,-0.368836317091405,-0.418683896299871,48.0879135131836,0.557975298580853,1.00907564163208,1495016567.486
597,12,-0.155744388699532,-0.470343410968781,-0.372823377719761,-0.430724700539043,45.3159561157227,0.569667480754185,0.835481822490692,1495016567.646
598,12,-0.105593264102936,-0.338914394378662,-0.375492878339608,-0.439292786709641,43.4379348754883,0.577904018102388,0.528987765312195,1495016567.805
599,12,-0.126332864165306,-0.0209464691579342,-0.378686696260299,-0.439822333862821,44.1169319152832,0.580385474739917,0.644344091415405,1495016567.964
600,12,0.269644290208817,0.164988979697227,-0.369656569966644,-0.434297012623593,44.1915092468262,0.570315592363808,0.4462890625,1495016568.147
